<?xml version="1.0" encoding="UTF-8"?><?xml-stylesheet type='text/xsl' href='_UpgradeReport_Files/UpgradeReport.xslt'?><UpgradeLog>
<Properties><Property Name="Solution" Value="KnowledgeMatrix">
</Property><Property Name="Solution File" Value="E:\Personal\Rangarajan\exam app\Exam App .NET\Code\ExamApp\KnowledgeMatrix\KnowledgeMatrix.sln">
</Property><Property Name="Date" Value="02 November 2014">
</Property><Property Name="Time" Value="17:16:21">
</Property></Properties><Event ErrorLevel="0" Project="FilterTextBox" Source="..\FilterTextBox\FilterTextBox\FilterTextBox\FilterTextBox.csproj" Description="Project file successfully backed up as E:\Personal\Rangarajan\exam app\Exam App .NET\Code\ExamApp\KnowledgeMatrix\Backup\FilterTextBox.csproj">
</Event><Event ErrorLevel="0" Project="FilterTextBox" Source="..\FilterTextBox\FilterTextBox\FilterTextBox\FilterTextBox.cs" Description="File successfully backed up as E:\Personal\Rangarajan\exam app\Exam App .NET\Code\ExamApp\KnowledgeMatrix\Backup\FilterTextBox.cs">
</Event><Event ErrorLevel="0" Project="FilterTextBox" Source="..\FilterTextBox\FilterTextBox\FilterTextBox\Properties\AssemblyInfo.cs" Description="File successfully backed up as E:\Personal\Rangarajan\exam app\Exam App .NET\Code\ExamApp\KnowledgeMatrix\Backup\Properties\AssemblyInfo.cs">
</Event><Event ErrorLevel="0" Project="FilterTextBox" Source="..\FilterTextBox\FilterTextBox\FilterTextBox\FilterTextBox.csproj" Description="Project converted successfully">
</Event><Event ErrorLevel="3" Project="FilterTextBox" Source="..\FilterTextBox\FilterTextBox\FilterTextBox\FilterTextBox.csproj" Description="Converted">
</Event><Event ErrorLevel="0" Project="FilterTextBox" Source="..\FilterTextBox\FilterTextBox\FilterTextBox\FilterTextBox.csproj" Description="Scan complete: Upgrade not required for project files.">
</Event></UpgradeLog>