<?xml version="1.0" encoding="UTF-8"?><?xml-stylesheet type='text/xsl' href='_UpgradeReport_Files/UpgradeReport.xslt'?><UpgradeLog>
<Properties><Property Name="Solution" Value="KnowledgeMatrix">
</Property><Property Name="Solution File" Value="E:\Personal\Rangarajan\exam app\Exam App .NET\Code\ExamApp\KnowledgeMatrix\KnowledgeMatrix.sln">
</Property><Property Name="Date" Value="02 November 2014">
</Property><Property Name="Time" Value="17:19:39">
</Property><Property Name="Log Number" Value="2">
</Property></Properties><Event ErrorLevel="0" Project="CodeVendor.Controls" Source="..\thegrouper\Grouper\CodeVendor.Controls.csproj" Description="Project file successfully backed up as E:\Personal\Rangarajan\exam app\Exam App .NET\Code\ExamApp\KnowledgeMatrix\Backup1\CodeVendor.Controls.csproj">
</Event><Event ErrorLevel="0" Project="CodeVendor.Controls" Source="..\thegrouper\Grouper\CodeVendor.Controls.csproj.user" Description="Project user file successfully backed up as E:\Personal\Rangarajan\exam app\Exam App .NET\Code\ExamApp\KnowledgeMatrix\Backup1\CodeVendor.Controls.csproj.user">
</Event><Event ErrorLevel="0" Project="CodeVendor.Controls" Source="..\thegrouper\Grouper\AssemblyInfo.cs" Description="File successfully backed up as E:\Personal\Rangarajan\exam app\Exam App .NET\Code\ExamApp\KnowledgeMatrix\Backup1\AssemblyInfo.cs">
</Event><Event ErrorLevel="0" Project="CodeVendor.Controls" Source="..\thegrouper\Grouper\Constants.cs" Description="File successfully backed up as E:\Personal\Rangarajan\exam app\Exam App .NET\Code\ExamApp\KnowledgeMatrix\Backup1\Constants.cs">
</Event><Event ErrorLevel="0" Project="CodeVendor.Controls" Source="..\thegrouper\Grouper\Grouper.cs" Description="File successfully backed up as E:\Personal\Rangarajan\exam app\Exam App .NET\Code\ExamApp\KnowledgeMatrix\Backup1\Grouper.cs">
</Event><Event ErrorLevel="0" Project="CodeVendor.Controls" Source="..\thegrouper\Grouper\Grouper.bmp" Description="File successfully backed up as E:\Personal\Rangarajan\exam app\Exam App .NET\Code\ExamApp\KnowledgeMatrix\Backup1\Grouper.bmp">
</Event><Event ErrorLevel="0" Project="CodeVendor.Controls" Source="..\thegrouper\Grouper\Grouper.resx" Description="File successfully backed up as E:\Personal\Rangarajan\exam app\Exam App .NET\Code\ExamApp\KnowledgeMatrix\Backup1\Grouper.resx">
</Event><Event ErrorLevel="0" Project="CodeVendor.Controls" Source="..\thegrouper\Grouper\CodeVendor.Controls.csproj" Description="Project converted successfully">
</Event><Event ErrorLevel="3" Project="CodeVendor.Controls" Source="..\thegrouper\Grouper\CodeVendor.Controls.csproj" Description="Converted">
</Event><Event ErrorLevel="0" Project="CodeVendor.Controls" Source="..\thegrouper\Grouper\CodeVendor.Controls.csproj" Description="Scan complete: Upgrade not required for project files.">
</Event></UpgradeLog>